change_value,num_coins,runtime
24,4,9.5367431640625e-07
63,4,9.5367431640625e-07
120,4,9.5367431640625e-07
