change_value,num_coins,runtime
24,6,0.00011086463928222656
63,3,0.0001621246337890625
120,8,0.0003199577331542969
